TDSFU Daily run: Tue Jun 17 08:07:55 UTC 2025 TDSFU
TDSFU Daily run: Wed Jun 18 04:55:15 UTC 2025 TDSFU
TDSFU Daily run: Thu Jun 19 04:53:58 UTC 2025 TDSFU
TDSFU Daily run: Fri Jun 20 04:53:50 UTC 2025 TDSFU
TDSFU Daily run: Sat Jun 21 04:50:21 UTC 2025 TDSFU
TDSFU Daily run: Sun Jun 22 04:43:34 UTC 2025 TDSFU
TDSFU Daily run: Mon Jun 23 04:47:44 UTC 2025 TDSFU
TDSFU Daily run: Tue Jun 24 04:43:39 UTC 2025 TDSFU
TDSFU Daily run: Wed Jun 25 04:43:52 UTC 2025 TDSFU
TDSFU Daily run: Thu Jun 26 04:43:35 UTC 2025 TDSFU
TDSFU Daily run: Fri Jun 27 04:43:01 UTC 2025 TDSFU
TDSFU Daily run: Sat Jun 28 04:41:46 UTC 2025 TDSFU
TDSFU Daily run: Sun Jun 29 04:50:12 UTC 2025 TDSFU
TDSFU Daily run: Mon Jun 30 04:46:55 UTC 2025 TDSFU
TDSFU Daily run: Tue Jul  1 04:50:30 UTC 2025 TDSFU
TDSFU Daily run: Wed Jul  2 04:43:51 UTC 2025 TDSFU
